Pair,Pearson,Spearman,Absolute Difference
CGPA <-> SoftSkillsRating,0.9609789071982148,0.4204675234791196,0.5405113837190951
CGPA <-> SSC_Marks,0.9284687740902314,0.4184237269877209,0.5100450471025105
SoftSkillsRating <-> SSC_Marks,0.9294138487639744,0.43821639393402617,0.4911974548299482
