Pair,Pearson,Spearman,Absolute Difference
CGPA <-> SoftSkillsRating,0.9653232412441999,0.42355050430243407,0.5417727369417658
CGPA <-> SSC_Marks,0.9359685675701664,0.4215063858985569,0.5144621816716095
StudentID <-> SoftSkillsRating,0.516132410760929,0.01351300610457851,0.5026194046563505
