PlacementStatus,mean,std,count
notplaced,7.590750915750916,2.7280360007798174,5460
placed,8.112996389891697,2.626531921721172,3601
