PlacementStatus,mean,std,count
nan,7.7865217391304355,3.3797733725259342,460
notplaced,7.559189782478547,2.905121924345468,5011
placed,8.086799778147531,2.7026915063479553,3606
