Column,Q1,Q3,IQR,Lower Bound,Upper Bound,Outlier Count
StudentID,2516.0,7519.0,5003.0,-4988.5,15023.5,13
CGPA,7.4,8.2,0.7999999999999989,6.200000000000002,9.399999999999999,13
Internships,1.0,1.0,0.0,1.0,1.0,4043
Projects,1.0,3.0,2.0,-2.0,6.0,13
Workshops/Certifications,0.0,2.0,2.0,-3.0,5.0,13
AptitudeTestScore,73.0,87.0,14.0,52.0,108.0,13
SoftSkillsRating,4.0,4.7,0.7000000000000002,2.9499999999999997,5.75,13
SSC_Marks,59.0,78.0,19.0,30.5,106.5,13
HSC_Marks,67.0,83.0,16.0,43.0,107.0,13
