feature,importance
HSC_Marks,0.22821695930111277
ExtracurricularActivities,0.22134691953068347
AptitudeTestScore,0.1855054949233627
Projects,0.1168466930727035
SSC_Marks,0.08046948033084801
CGPA,0.05772265228368409
Workshops/Certifications,0.048485041783827794
SoftSkillsRating,0.03134707495604341
PlacementTraining,0.026214532162568027
Internships,0.0038451516551662028
